review,sentiment
The product quality is excellent and feels premium.,Positive
I loved the service and the delivery was very fast.,Positive
"Amazing product, I am very happy with my purchase.",Positive
The item works perfectly and is easy to use.,Positive
Great value for money and excellent performance.,Positive
Customer support was helpful and solved my problem quickly.,Positive
The packaging was neat and the product arrived safely.,Positive
I would definitely buy this product again.,Positive
Fantastic quality and a smooth shopping experience.,Positive
The product exceeded my expectations.,Positive
The product stopped working after two days.,Negative
Very poor customer support and no useful response.,Negative
The quality is terrible and the item feels cheap.,Negative
Delivery was extremely late and disappointing.,Negative
I received a damaged product in the package.,Negative
The product does not work as advertised.,Negative
I regret buying this item because it broke quickly.,Negative
The service was rude and unhelpful.,Negative
The packaging was poor and the product was scratched.,Negative
This was a frustrating and disappointing experience.,Negative
The package arrived yesterday.,Neutral
The product is okay for the price.,Neutral
The order contains the item I selected.,Neutral
The delivery took three days.,Neutral
The product has a standard design.,Neutral
I received the package in the afternoon.,Neutral
The item comes in a black box.,Neutral
The product weighs about two kilograms.,Neutral
The order was placed online last week.,Neutral
The package contains one product.,Neutral
